﻿<svg version="1.1" xmlns="http://www.w3.org/2000/svg">
<defs>
<symbol id="account-login" viewBox="0 0 8 8">
  <path d="M3 0v1h4v5h-4v1h5v-7h-5zm1 2v1h-4v1h4v1l2-1.5-2-1.5z"></path>
</symbol>
<symbol id="account-logout" viewBox="0 0 8 8">
  <path d="M3 0v1h4v5h-4v1h5v-7h-5zm-1 2l-2 1.5 2 1.5v-1h4v-1h-4v-1z"></path>
</symbol>
<symbol id="action-redo" viewBox="0 0 8 8">
  <path d="M3.5 0c-1.93 0-3.5 1.57-3.5 3.5 0-1.38 1.12-2.5 2.5-2.5s2.5 1.12 2.5 2.5v.5h-1l2 2 2-2h-1v-.5c0-1.93-1.57-3.5-3.5-3.5z" transform="translate(0 1)"></path>
</symbol>
<symbol id="action-undo" viewBox="0 0 8 8">
  <path d="M4.5 0c-1.93 0-3.5 1.57-3.5 3.5v.5h-1l2 2 2-2h-1v-.5c0-1.38 1.12-2.5 2.5-2.5s2.5 1.12 2.5 2.5c0-1.93-1.57-3.5-3.5-3.5z" transform="translate(0 1)"></path>
</symbol>
<symbol id="align-center" viewBox="0 0 8 8">
  <path d="M0 0v1h8v-1h-8zm1 2v1h6v-1h-6zm-1 2v1h8v-1h-8zm1 2v1h6v-1h-6z"></path>
</symbol>
<symbol id="align-left" viewBox="0 0 8 8">
  <path d="M0 0v1h8v-1h-8zm0 2v1h6v-1h-6zm0 2v1h8v-1h-8zm0 2v1h6v-1h-6z"></path>
</symbol>
<symbol id="align-right" viewBox="0 0 8 8">
  <path d="M0 0v1h8v-1h-8zm2 2v1h6v-1h-6zm-2 2v1h8v-1h-8zm2 2v1h6v-1h-6z"></path>
</symbol>
<symbol id="aperture" viewBox="0 0 8 8">
  <path d="M4 0c-.69 0-1.336.19-1.906.5l3.219 2.344.719-2.25c-.59-.36-1.281-.594-2.031-.594zm-2.75 1.125c-.76.73-1.25 1.735-1.25 2.875 0 .25.022.489.063.719l3.094-2.219-1.906-1.375zm5.625.125l-1.219 3.75h2.219c.08-.32.125-.65.125-1 0-1.07-.435-2.03-1.125-2.75zm-4.719 3.188l-1.75 1.281c.55 1.13 1.595 1.989 2.875 2.219l-1.125-3.5zm1.563 1.563l.625 1.969c1.33-.11 2.454-.879 3.094-1.969h-3.719z"></path>
</symbol>
<symbol id="arrow-bottom" viewBox="0 0 8 8">
  <path d="M2 0v5h-2l2.531 3 2.469-3h-2v-5h-1z" transform="translate(1)"></path>
</symbol>
<symbol id="arrow-circle-bottom" viewBox="0 0 8 8">
  <path d="M4 0c-2.21 0-4 1.79-4 4s1.79 4 4 4 4-1.79 4-4-1.79-4-4-4zm-1 1h2v3h2l-3 3-3-3h2v-3z"></path>
</symbol>
<symbol id="arrow-circle-left" viewBox="0 0 8 8">
  <path d="M4 0c-2.21 0-4 1.79-4 4s1.79 4 4 4 4-1.79 4-4-1.79-4-4-4zm0 1v2h3v2h-3v2l-3-3 3-3z"></path>
</symbol>
<symbol id="arrow-circle-right" viewBox="0 0 8 8">
  <path d="M4 0c-2.21 0-4 1.79-4 4s1.79 4 4 4 4-1.79 4-4-1.79-4-4-4zm0 1l3 3-3 3v-2h-3v-2h3v-2z"></path>
</symbol>
<symbol id="arrow-circle-top" viewBox="0 0 8 8">
  <path d="M4 0c-2.21 0-4 1.79-4 4s1.79 4 4 4 4-1.79 4-4-1.79-4-4-4zm0 1l3 3h-2v3h-2v-3h-2l3-3z"></path>
</symbol>
<symbol id="arrow-left" viewBox="0 0 8 8">
  <path d="M3 0l-3 2.531 3 2.469v-2h5v-1h-5v-2z" transform="translate(0 1)"></path>
</symbol>
<symbol id="arrow-right" viewBox="0 0 8 8">
  <path d="M5 0v2h-5v1h5v2l3-2.531-3-2.469z" transform="translate(0 1)"></path>
</symbol>
<symbol id="arrow-thick-bottom" viewBox="0 0 8 8">
  <path d="M2 0v5h-2l3.031 3 2.969-3h-2v-5h-2z" transform="translate(1)"></path>
</symbol>
<symbol id="arrow-thick-left" viewBox="0 0 8 8">
  <path d="M3 0l-3 3.031 3 2.969v-2h5v-2h-5v-2z" transform="translate(0 1)"></path>
</symbol>
<symbol id="arrow-thick-right" viewBox="0 0 8 8">
  <path d="M5 0v2h-5v2h5v2l3-3.031-3-2.969z" transform="translate(0 1)"></path>
</symbol>
<symbol id="arrow-thick-top" viewBox="0 0 8 8">
  <path d="M2.969 0l-2.969 3h2v5h2v-5h2l-3.031-3z" transform="translate(1)"></path>
</symbol>
<symbol id="arrow-top" viewBox="0 0 8 8">
  <path d="M2.469 0l-2.469 3h2v5h1v-5h2l-2.531-3z" transform="translate(1)"></path>
</symbol>
<symbol id="audio-spectrum" viewBox="0 0 8 8">
  <path d="M4 0v8h1v-8h-1zm-2 1v6h1v-6h-1zm4 1v4h1v-4h-1zm-6 1v2h1v-2h-1z"></path>
</symbol>
<symbol id="audio" viewBox="0 0 8 8">
  <path d="M1.188 0c-.734.722-1.188 1.748-1.188 2.844 0 1.095.454 2.09 1.188 2.813l.688-.719c-.546-.538-.875-1.269-.875-2.094s.329-1.587.875-2.125l-.688-.719zm5.625 0l-.688.719c.552.552.875 1.289.875 2.125 0 .836-.327 1.554-.875 2.094l.688.719c.732-.72 1.188-1.708 1.188-2.813 0-1.104-.459-2.115-1.188-2.844zm-4.219 1.406c-.362.362-.594.889-.594 1.438 0 .548.232 1.045.594 1.406l.688-.719c-.178-.178-.281-.416-.281-.688 0-.272.103-.54.281-.719l-.688-.719zm2.813 0l-.688.719c.183.183.281.434.281.719s-.099.505-.281.688l.688.719c.357-.357.594-.851.594-1.406 0-.555-.236-1.08-.594-1.438z" transform="translate(0 1)"></path>
</symbol>
<symbol id="badge" viewBox="0 0 8 8">
  <path d="M2 0c-1.105 0-2 .895-2 2s.895 2 2 2 2-.895 2-2-.895-2-2-2zm-1 4.813v3.188l1-1 1 1v-3.188c-.31.11-.65.188-1 .188s-.69-.077-1-.188z" transform="translate(2)"></path>
</symbol>
<symbol id="ban" viewBox="0 0 8 8">
  <path d="M4 0c-2.203 0-4 1.797-4 4 0 2.203 1.797 4 4 4 2.203 0 4-1.797 4-4 0-2.203-1.797-4-4-4zm0 1c.655 0 1.258.209 1.75.563l-4.188 4.188c-.353-.492-.563-1.095-.563-1.75 0-1.663 1.337-3 3-3zm2.438 1.25c.353.492.563 1.095.563 1.75 0 1.663-1.337 3-3 3-.655 0-1.258-.209-1.75-.563l4.188-4.188z"></path>
</symbol>
<symbol id="bar-chart" viewBox="0 0 8 8">
  <path d="M0 0v7h8v-1h-7v-6h-1zm5 0v5h2v-5h-2zm-3 2v3h2v-3h-2z"></path>
</symbol>
<symbol id="basket" viewBox="0 0 8 8">
  <path d="M3.969 0c-.127.011-.259.083-.344.188l-2.344 2.813h-1.281v1h1v3.656c0 .18.164.344.344.344h5.313c.18 0 .344-.164.344-.344v-3.656h1v-1h-1.281c-.274-.329-2.387-2.866-2.406-2.875-.105-.09-.216-.136-.344-.125zm.031 1.281l1.438 1.719h-2.875l1.438-1.719zm-1.5 3.719c.28 0 .5.22.5.5v1c0 .28-.22.5-.5.5s-.5-.22-.5-.5v-1c0-.28.22-.5.5-.5zm3 0c.28 0 .5.22.5.5v1c0 .28-.22.5-.5.5s-.5-.22-.5-.5v-1c0-.28.22-.5.5-.5z"></path>
</symbol>
<symbol id="battery-empty" viewBox="0 0 8 8">
  <path d="M.094 0c-.06 0-.094.034-.094.094v5.813c0 .06.034.094.094.094h6.813c.06 0 .094-.034.094-.094v-1.906h1v-2h-1v-1.906c0-.06-.034-.094-.094-.094h-6.813zm.906 1h5v4h-5v-4z" transform="translate(0 1)"></path>
</symbol>
<symbol id="battery-full" viewBox="0 0 8 8">
  <path d="M.094 0c-.06 0-.094.034-.094.094v5.813c0 .06.034.094.094.094h6.813c.06 0 .094-.034.094-.094v-1.906h1v-2h-1v-1.906c0-.06-.034-.094-.094-.094h-6.813z" transform="translate(0 1)"></path>
</symbol>
<symbol id="beaker" viewBox="0 0 8 8">
  <path d="M1.344 0a.502.502 0 0 0 .156 1h.5v1.406c-.088.172-1.194 2.313-1.656 3.094-.153.268-.344.612-.344 1.063 0 .383.139.764.406 1.031.26.26.643.406 1.031.406h5.125c.383 0 .764-.139 1.031-.406.26-.26.406-.643.406-1.031 0-.452-.194-.801-.344-1.063-.463-.78-1.568-2.922-1.656-3.094v-1.406h.5a.5.5 0 1 0 0-1h-5a.5.5 0 0 0-.094 0 .502.502 0 0 0-.063 0zm1.656 1h2v1.625l.063.094s.652 1.233 1.219 2.281h-4.563c.567-1.049 1.219-2.281 1.219-2.281l.063-.094v-1.625z"></path>
</symbol>
<symbol id="bell" viewBox="0 0 8 8">
  <path d="M4 0c-1.1 0-2 .9-2 2 0 1.04-.524 1.976-1.344 2.656-.42.34-.656.824-.656 1.344h8c0-.52-.236-1.004-.656-1.344-.82-.68-1.344-1.616-1.344-2.656 0-1.1-.9-2-2-2zm-1 7c0 .55.45 1 1 1s1-.45 1-1h-2z"></path>
</symbol>
<symbol id="bluetooth" viewBox="0 0 8 8">
  <path d="M1.5 0v2.5l-.75-.75-.75.75 1.5 1.5-1.5 1.5.75.75.75-.75v2.5h.5l3.5-2.5-2.25-1.531 2.25-1.469-3.5-2.5h-.5zm1 1.5l1.5 1-1.5 1v-2zm0 3l1.5 1-1.5 1v-2z" transform="translate(1)"></path>
</symbol>
<symbol id="bold" viewBox="0 0 8 8">
  <path d="M0 0v1c.55 0 1 .45 1 1v4c0 .55-.45 1-1 1v1h5.5c1.38 0 2.5-1.12 2.5-2.5 0-1-.588-1.85-1.438-2.25.27-.34.438-.78.438-1.25 0-1.1-.9-2-2-2h-5zm3 1h1c.55 0 1 .45 1 1s-.45 1-1 1h-1v-2zm0 3h1.5c.83 0 1.5.67 1.5 1.5s-.67 1.5-1.5 1.5h-1.5v-3z"></path>
</symbol>
<symbol id="bolt" viewBox="0 0 8 8">
  <path d="M3 0l-3 5h2v3l3-5h-2v-3z" transform="translate(1)"></path>
</symbol>
<symbol id="book" viewBox="0 0 8 8">
  <path d="M1 0c-.07 0-.127.001-.188.031-.39.08-.701.391-.781.781-.03.06-.031.118-.031.188v5.5c0 .83.67 1.5 1.5 1.5h5.5v-1h-5.5c-.28 0-.5-.22-.5-.5s.22-.5.5-.5h5.5v-5.5c0-.28-.22-.5-.5-.5h-.5v3l-1-1-1 1v-3h-3z"></path>
</symbol>
<symbol id="bookmark" viewBox="0 0 8 8">
  <path d="M0 0v8l2-2 2 2v-8h-4z" transform="translate(2)"></path>
</symbol>
<symbol id="box" viewBox="0 0 8 8">
  <path d="M0 0v1h8v-1h-8zm0 2v5.906c0 .06.034.094.094.094h7.813c.06 0 .094-.034.094-.094v-5.906h-2.969v1.031h-2.031v-1.031h-3z"></path>
</symbol>
<symbol id="briefcase" viewBox="0 0 8 8">
  <path d="M3 0c-.554 0-1 .458-1 1v1h-1.906c-.06 0-.094.034-.094.094v2.406c0 .28.22.5.5.5h7c.28 0 .5-.22.5-.5v-2.406c0-.06-.034-.094-.094-.094h-1.906v-1c0-.542-.446-1-1-1h-2zm0 1h2v1h-2v-1zm-3 4.906v2c0 .06.034.094.094.094h7.813c.06 0 .094-.034.094-.094v-2c-.16.05-.32.094-.5.094h-7c-.18 0-.34-.044-.5-.094z"></path>
</symbol>
<symbol id="british-pound" viewBox="0 0 8 8">
  <path d="M3 0c-.619 0-1.159.262-1.5.688-.341.426-.5.986-.5 1.563 0 .692.165 1.245.25 1.75h-1.25v1h1.219c-.112.448-.37.964-1.063 1.656l-.156.125v1.2189999999999999h6v-1h-4.906c.641-.729.982-1.397 1.125-2h1.781v-1h-1.719c-.078-.683-.281-1.242-.281-1.75 0-.394.115-.731.281-.938.166-.207.368-.313.719-.313.394 0 .609.109.75.25.141.141.25.356.25.75h1c0-.576-.165-1.102-.531-1.469-.366-.366-.893-.531-1.469-.531z" transform="translate(1)"></path>
</symbol>
<symbol id="browser" viewBox="0 0 8 8">
  <path d="M.344 0a.5.5 0 0 0-.344.5v7a.5.5 0 0 0 .5.5h7a.5.5 0 0 0 .5-.5v-7a.5.5 0 0 0-.5-.5h-7a.5.5 0 0 0-.094 0 .5.5 0 0 0-.063 0zm1.156 1c.28 0 .5.22.5.5s-.22.5-.5.5-.5-.22-.5-.5.22-.5.5-.5zm2 0h3c.28 0 .5.22.5.5s-.22.5-.5.5h-3c-.28 0-.5-.22-.5-.5s.22-.5.5-.5zm-2.5 2h6v4h-6v-4z"></path>
</symbol>
<symbol id="brush" viewBox="0 0 8 8">
  <path d="M7.438.031c-.029-.001-.037.016-.063.031l-3.75 2.656c-.04.03-.095.106-.125.156l-.125.25c.719.229 1.271.781 1.5 1.5l.25-.125c.05-.02.126-.075.156-.125l2.656-3.75c.03-.04.04-.116 0-.156l-.406-.406c-.02-.02-.065-.03-.094-.031zm-4.781 3.969c-.73 0-1.313.614-1.313 1.344 0 .99-.544 1.821-1.344 2.281.4.23.864.375 1.344.375 1.48 0 2.656-1.176 2.656-2.656 0-.73-.604-1.344-1.344-1.344z"></path>
</symbol>
<symbol id="bug" viewBox="0 0 8 8">
  <path d="M3.5 0c-1.19 0-1.978 1.69-1.188 2.5-.09.07-.196.137-.281.219l-1.313-.656a.5.5 0 0 0-.344-.063.5.5 0 0 0-.094.938l1.156.563c-.09.156-.186.328-.25.5h-.688a.5.5 0 0 0-.094 0 .502.502 0 1 0 .094 1h.5c0 .227.023.445.063.656l-.781.406a.5.5 0 1 0 .438.875l.656-.344c.245.46.59.844 1 1.094.35-.19.625-.439.625-.719v-1.438a.5.5 0 0 0 0-.094v-.813a.5.5 0 0 0 0-.219c.045-.231.254-.406.5-.406.28 0 .5.22.5.5v.875a.5.5 0 0 0 0 .094v.063a.5.5 0 0 0 0 .094v1.344c0 .27.275.497.625.688.41-.245.755-.604 1-1.063l.656.344a.5.5 0 1 0 .438-.875l-.781-.406c.04-.211.063-.429.063-.656h.5a.5.5 0 1 0 0-1h-.688c-.064-.172-.16-.344-.25-.5l1.156-.563a.5.5 0 0 0-.313-.938.5.5 0 0 0-.125.063l-1.313.656c-.086-.082-.191-.149-.281-.219.78-.83.003-2.5-1.188-2.5z"></path>
</symbol>
<symbol id="bullhorn" viewBox="0 0 8 8">
  <path d="M6.094 0c-.03 0-.06.022-.094.031v5.969c.033.007.065 0 .094 0h.813c.06 0 .094-.034.094-.094v-5.813c0-.06-.034-.094-.094-.094h-.813zm-1.094.5l-2.906 1.469c-.05.02-.127.031-.188.031h-1.813c-.06 0-.094.034-.094.094v1.813c0 .06.034.094.094.094h.906l1.031 2.719c.11.25.406.36.656.25.25-.11.36-.406.25-.656l-.719-1.781c.033-.136.136-.25.281-.25v-.031l2.5 1.25v-5z"></path>
</symbol>
<symbol id="calculator" viewBox="0 0 8 8">
  <path d="M.094 0c-.06 0-.094.034-.094.094v7.813c0 .06.034.094.094.094h6.813c.06 0 .094-.034.094-.094v-7.813c0-.06-.034-.094-.094-.094h-6.813zm.906 1h5v2h-5v-2zm0 3h1v1h-1v-1zm2 0h1v1h-1v-1zm2 0h1v3h-1v-3zm-4 2h1v1h-1v-1zm2 0h1v1h-1v-1z"></path>
</symbol>
<symbol id="calendar" viewBox="0 0 8 8">
  <path d="M0 0v2h7v-2h-7zm0 3v4.906c0 .06.034.094.094.094h6.813c.06 0 .094-.034.094-.094v-4.906h-7zm1 1h1v1h-1v-1zm2 0h1v1h-1v-1zm2 0h1v1h-1v-1zm-4 2h1v1h-1v-1zm2 0h1v1h-1v-1z"></path>
</symbol>
<symbol id="camera-slr" viewBox="0 0 8 8">
  <path d="M4.094 0c-.06 0-.105.044-.125.094l-.938 1.813c-.02.05-.065.094-.125.094h-1.406c-.83 0-1.5.67-1.5 1.5v4.406c0 .06.034.094.094.094h7.813c.06 0 .094-.034.094-.094v-5.813c0-.06-.034-.094-.094-.094h-.813c-.06 0-.105-.044-.125-.094l-.938-1.813c-.02-.05-.065-.094-.125-.094h-1.813zm-2.594 3c.28 0 .5.22.5.5s-.22.5-.5.5-.5-.22-.5-.5.22-.5.5-.5zm3.5 0c1.1 0 2 .9 2 2s-.9 2-2 2-2-.9-2-2 .9-2 2-2zm0 1c-.55 0-1 .45-1 1s.45 1 1 1 1-.45 1-1-.45-1-1-1z"></path>
</symbol>
<symbol id="caret-bottom" viewBox="0 0 8 8">
  <path d="M0 0l4 4 4-4h-8z" transform="translate(0 2)"></path>
</symbol>
<symbol id="caret-left" viewBox="0 0 8 8">
  <path d="M4 0l-4 4 4 4v-8z" transform="translate(2)"></path>
</symbol>
<symbol id="caret-right" viewBox="0 0 8 8">
  <path d="M0 0v8l4-4-4-4z" transform="translate(2)"></path>
</symbol>
<symbol id="caret-top" viewBox="0 0 8 8">
  <path d="M4 0l-4 4h8l-4-4z" transform="translate(0 2)"></path>
</symbol>
<symbol id="cart" viewBox="0 0 8 8">
  <path d="M.344 0a.502.502 0 0 0 .156 1h1.5l.094.25.406 1.25.406 1.25c.04.13.204.25.344.25h3.5c.14 0 .304-.12.344-.25l.813-2.531c.04-.12-.016-.219-.156-.219h-4.438l-.375-.719a.5.5 0 0 0-.438-.281h-2a.5.5 0 0 0-.094 0 .502.502 0 0 0-.063 0zm3.156 5c-.276 0-.5.224-.5.5s.224.5.5.5.5-.224.5-.5-.224-.5-.5-.5zm3 0c-.276 0-.5.224-.5.5s.224.5.5.5.5-.224.5-.5-.224-.5-.5-.5z" transform="translate(0 1)"></path>
</symbol>
<symbol id="chat" viewBox="0 0 8 8">
  <path d="M0 0v5l1-1h1v-3h3v-1h-5zm3 2v4h4l1 1v-5h-5z"></path>
</symbol>
<symbol id="check" viewBox="0 0 8 8">
  <path d="M6.406 0l-.719.688-2.781 2.781-.781-.781-.719-.688-1.406 1.406.688.719 1.5 1.5.719.688.719-.688 3.5-3.5.688-.719-1.406-1.406z" transform="translate(0 1)"></path>
</symbol>
<symbol id="chevron-bottom" viewBox="0 0 8 8">
  <path d="M1.5 0l-1.5 1.5 4 4 4-4-1.5-1.5-2.5 2.5-2.5-2.5z" transform="translate(0 1)"></path>
</symbol>
<symbol id="chevron-left" viewBox="0 0 8 8">
  <path d="M4 0l-4 4 4 4 1.5-1.5-2.5-2.5 2.5-2.5-1.5-1.5z" transform="translate(1)"></path>
</symbol>
<symbol id="chevron-right" viewBox="0 0 8 8">
  <path d="M1.5 0l-1.5 1.5 2.5 2.5-2.5 2.5 1.5 1.5 4-4-4-4z" transform="translate(1)"></path>
</symbol>
<symbol id="chevron-top" viewBox="0 0 8 8">
  <path d="M4 0l-4 4 1.5 1.5 2.5-2.5 2.5 2.5 1.5-1.5-4-4z" transform="translate(0 1)"></path>
</symbol>
<symbol id="circle-check" viewBox="0 0 8 8">
  <path d="M4 0c-2.21 0-4 1.79-4 4s1.79 4 4 4 4-1.79 4-4-1.79-4-4-4zm2 1.781l.719.719-3.219 3.219-1.719-1.719.719-.719 1 1 2.5-2.5z"></path>
</symbol>
<symbol id="circle-x" viewBox="0 0 8 8">
  <path d="M4 0c-2.21 0-4 1.79-4 4s1.79 4 4 4 4-1.79 4-4-1.79-4-4-4zm-1.5 1.781l1.5 1.5 1.5-1.5.719.719-1.5 1.5 1.5 1.5-.719.719-1.5-1.5-1.5 1.5-.719-.719 1.5-1.5-1.5-1.5.719-.719z"></path>
</symbol>
<symbol id="clipboard" viewBox="0 0 8 8">
  <path d="M3.5 0c-.28 0-.5.22-.5.5v.5h-.75c-.14 0-.25.11-.25.25v.75h3v-.75c0-.14-.11-.25-.25-.25h-.75v-.5c0-.28-.22-.5-.5-.5zm-3.25 1c-.14 0-.25.11-.25.25v6.5c0 .14.11.25.25.25h6.5c.14 0 .25-.11.25-.25v-6.5c0-.14-.11-.25-.25-.25h-.75v2h-5v-2h-.75z"></path>
</symbol>
<symbol id="clock" viewBox="0 0 8 8">
  <path d="M4 0c-2.203 0-4 1.797-4 4 0 2.203 1.797 4 4 4 2.203 0 4-1.797 4-4 0-2.203-1.797-4-4-4zm0 1c1.663 0 3 1.337 3 3s-1.337 3-3 3-3-1.337-3-3 1.337-3 3-3zm-.5 1v2.219l.156.125.5.5.344.375.719-.719-.375-.344-.344-.344v-1.813h-1z"></path>
</symbol>
<symbol id="cloud-download" viewBox="0 0 8 8">
  <path d="M4.5 0c-1.21 0-2.27.86-2.5 2-1.1 0-2 .9-2 2 0 .37.111.7.281 1h2.719v-.5c0-.83.67-1.5 1.5-1.5s1.5.67 1.5 1.5v.5h1.906c.05-.16.094-.32.094-.5 0-.65-.42-1.29-1-1.5v-.5c0-1.38-1.12-2.5-2.5-2.5zm-.156 4a.5.5 0 0 0-.344.5v1.5h-1.5l2 2 2-2h-1.5v-1.5a.5.5 0 0 0-.594-.5.5.5 0 0 0-.063 0z"></path>
</symbol>
<symbol id="cloud-upload" viewBox="0 0 8 8">
  <path d="M4.5 0c-1.21 0-2.27.86-2.5 2-1.1 0-2 .9-2 2 0 .37.111.7.281 1h2.219l2-2 2 2h1.406c.05-.16.094-.32.094-.5 0-.65-.42-1.29-1-1.5v-.5c0-1.38-1.12-2.5-2.5-2.5zm0 4.5l-2.5 2.5h2v.5a.5.5 0 1 0 1 0v-.5h2l-2.5-2.5z"></path>
</symbol>
<symbol id="cloud" viewBox="0 0 8 8">
  <path d="M4.5 0c-1.21 0-2.27.86-2.5 2-1.1 0-2 .9-2 2s.9 2 2 2h4.5c.83 0 1.5-.67 1.5-1.5 0-.65-.42-1.29-1-1.5v-.5c0-1.38-1.12-2.5-2.5-2.5z" transform="translate(0 1)"></path>
</symbol>
<symbol id="cloudy" viewBox="0 0 8 8">
  <path d="M2.5 0c-1.38 0-2.5 1.12-2.5 2.5 0 .39.09.743.25 1.063.3-.21.63-.379 1-.469.55-1.25 1.82-2.084 3.25-2.094-.46-.6-1.18-1-2-1zm2 2c-1.21 0-2.27.86-2.5 2-1.1 0-2 .9-2 2s.9 2 2 2h4.5c.83 0 1.5-.67 1.5-1.5 0-.65-.42-1.29-1-1.5v-.5c0-1.38-1.12-2.5-2.5-2.5z"></path>
</symbol>
<symbol id="code" viewBox="0 0 8 8">
  <path d="M5 0l-3 6h1l3-6h-1zm-4 1l-1 2 1 2h1l-1-2 1-2h-1zm5 0l1 2-1 2h1l1-2-1-2h-1z" transform="translate(0 1)"></path>
</symbol>
<symbol id="cog" viewBox="0 0 8 8">
  <path d="M3.5 0l-.5 1.188c-.1.04-.191.085-.281.125l-1.188-.5-.719.719.5 1.188c-.05.1-.095.181-.125.281l-1.188.5v1l1.188.5c.03.1.075.213.125.313l-.5 1.156.719.719 1.188-.5c.1.05.181.085.281.125l.5 1.188h1l.5-1.188c.1-.03.191-.085.281-.125l1.188.5.719-.719-.5-1.188c.04-.09.085-.181.125-.281l1.188-.5v-1l-1.188-.5c-.03-.09-.075-.191-.125-.281l.469-1.188-.688-.719-1.188.5c-.09-.04-.181-.095-.281-.125l-.5-1.188h-1zm.5 2.5c.83 0 1.5.67 1.5 1.5s-.67 1.5-1.5 1.5-1.5-.67-1.5-1.5.67-1.5 1.5-1.5z"></path>
</symbol>
<symbol id="collapse-down" viewBox="0 0 8 8">
  <path d="M0 0v2h8v-2h-8zm2 3l2 2 2-2h-4zm-2 4v1h8v-1h-8z"></path>
</symbol>
<symbol id="collapse-left" viewBox="0 0 8 8">
  <path d="M0 0v8h1v-8h-1zm6 0v8h2v-8h-2zm-1 2l-2 2 2 2v-4z"></path>
</symbol>
<symbol id="collapse-right" viewBox="0 0 8 8">
  <path d="M0 0v8h2v-8h-2zm7 0v8h1v-8h-1zm-4 2v4l2-2-2-2z"></path>
</symbol>
<symbol id="collapse-up" viewBox="0 0 8 8">
  <path d="M0 0v1h8v-1h-8zm4 3l-2 2h4l-2-2zm-4 3v2h8v-2h-8z"></path>
</symbol>
<symbol id="command" viewBox="0 0 8 8">
  <path d="M1.5 0c-.83 0-1.5.67-1.5 1.5s.67 1.5 1.5 1.5h.5v1h-.5c-.83 0-1.5.67-1.5 1.5s.67 1.5 1.5 1.5 1.5-.67 1.5-1.5v-.5h1v.5c0 .83.67 1.5 1.5 1.5s1.5-.67 1.5-1.5-.67-1.5-1.5-1.5h-.5v-1h.5c.83 0 1.5-.67 1.5-1.5s-.67-1.5-1.5-1.5-1.5.67-1.5 1.5v.5h-1v-.5c0-.83-.67-1.5-1.5-1.5zm0 1c.28 0 .5.22.5.5v.5h-.5c-.28 0-.5-.22-.5-.5s.22-.5.5-.5zm4 0c.28 0 .5.22.5.5s-.22.5-.5.5h-.5v-.5c0-.28.22-.5.5-.5zm-2.5 2h1v1h-1v-1zm-1.5 2h.5v.5c0 .28-.22.5-.5.5s-.5-.22-.5-.5.22-.5.5-.5zm3.5 0h.5c.28 0 .5.22.5.5s-.22.5-.5.5-.5-.22-.5-.5v-.5z"></path>
</symbol>
<symbol id="comment-square" viewBox="0 0 8 8">
  <path d="M.094 0c-.06 0-.094.034-.094.094v5.813c0 .06.034.094.094.094h5.906l2 2v-7.906000000000001c0-.06-.034-.094-.094-.094h-7.813z"></path>
</symbol>
<symbol id="compass" viewBox="0 0 8 8">
  <path d="M4 0c-2.203 0-4 1.797-4 4 0 2.203 1.797 4 4 4 2.203 0 4-1.797 4-4 0-2.203-1.797-4-4-4zm0 1c1.663 0 3 1.337 3 3s-1.337 3-3 3-3-1.337-3-3 1.337-3 3-3zm2 1l-3 1-1 3 3-1 1-3zm-2 1.5c.28 0 .5.22.5.5s-.22.5-.5.5-.5-.22-.5-.5.22-.5.5-.5z"></path>
</symbol>
<symbol id="contrast" viewBox="0 0 8 8">
  <path d="M4 0c-2.203 0-4 1.797-4 4 0 2.203 1.797 4 4 4 2.203 0 4-1.797 4-4 0-2.203-1.797-4-4-4zm0 1c1.663 0 3 1.337 3 3s-1.337 3-3 3v-6z"></path>
</symbol>
<symbol id="copywriting" viewBox="0 0 8 8">
  <path d="M0 0v1h8v-1h-8zm0 2v1h5v-1h-5zm0 3v1h8v-1h-8zm0 2v1h6v-1h-6zm7.5 0c-.276 0-.5.224-.5.5s.224.5.5.5.5-.224.5-.5-.224-.5-.5-.5z"></path>
</symbol>
<symbol id="credit-card" viewBox="0 0 8 8">
  <path d="M.25 0c-.14 0-.25.11-.25.25v.75h8v-.75c0-.14-.11-.25-.25-.25h-7.5zm-.25 2v3.75c0 .14.11.25.25.25h7.5c.14 0 .25-.11.25-.25v-3.75h-8zm1 2h1v1h-1v-1zm2 0h1v1h-1v-1z" transform="translate(0 1)"></path>
</symbol>
<symbol id="crop" viewBox="0 0 8 8">
  <path d="M1 0v1h-1v1h1v5h5v1h1v-1h1v-1h-1v-4.5l1-1-.5-.5-1 1h-4.5v-1h-1zm1 2h3.5l-3.5 3.5v-3.5zm4 .5v3.5h-3.5l3.5-3.5z"></path>
</symbol>
<symbol id="dashboard" viewBox="0 0 8 8">
  <path d="M4 0c-2.203 0-4 1.797-4 4 0 2.203 1.797 4 4 4 2.203 0 4-1.797 4-4 0-2.203-1.797-4-4-4zm0 1c1.663 0 3 1.337 3 3s-1.337 3-3 3-3-1.337-3-3 1.337-3 3-3zm0 1c-.276 0-.5.224-.5.5s.224.5.5.5.5-.224.5-.5-.224-.5-.5-.5zm-1.656 1a.5.5 0 0 0-.188.844l.906.906c-.023.085-.063.158-.063.25 0 .552.448 1 1 1s1-.448 1-1-.448-1-1-1c-.092 0-.165.039-.25.063l-.906-.906a.5.5 0 0 0-.438-.156.5.5 0 0 0-.063 0zm3.156 0c-.276 0-.5.224-.5.5s.224.5.5.5.5-.224.5-.5-.224-.5-.5-.5z"></path>
</symbol>
<symbol id="data-transfer-download" viewBox="0 0 8 8">
  <path d="M3 0v3h-2l3 3 3-3h-2v-3h-2zm-3 7v1h8v-1h-8z"></path>
</symbol>
<symbol id="data-transfer-upload" viewBox="0 0 8 8">
  <path d="M0 0v1h8v-1h-8zm4 2l-3 3h2v3h2v-3h2l-3-3z"></path>
</symbol>
<symbol id="delete" viewBox="0 0 8 8">
  <path d="M2 0l-2 3 2 3h6v-6h-6zm1.5.781l1.5 1.5 1.5-1.5.719.719-1.5 1.5 1.5 1.5-.719.719-1.5-1.5-1.5 1.5-.719-.719 1.5-1.5-1.5-1.5.719-.719z" transform="translate(0 1)"></path>
</symbol>
<symbol id="dial" viewBox="0 0 8 8">
  <path d="M4 0c-2.201 0-4 1.799-4 4h1c0-1.659 1.341-3 3-3s3 1.341 3 3h1c0-2.201-1.799-4-4-4zm-.594 2.094c-.82.25-1.406 1.006-1.406 1.906 0 1.1.9 2 2 2s2-.9 2-2c0-.9-.586-1.656-1.406-1.906l-.594.875-.594-.875z" transform="translate(0 1)"></path>
</symbol>
<symbol id="document" viewBox="0 0 8 8">
  <path d="M0 0v8h7v-4h-4v-4h-3zm4 0v3h3l-3-3zm-3 2h1v1h-1v-1zm0 2h1v1h-1v-1zm0 2h4v1h-4v-1z"></path>
</symbol>
<symbol id="dollar" viewBox="0 0 8 8">
  <path d="M2 0v1h-.75c-.686 0-1.25.564-1.25 1.25v.5c0 .678.437 1.242 1.094 1.406l2.563.656c.143.036.344.296.344.438v.5c0 .134-.116.25-.25.25h-2.5c-.116 0-.212-.037-.25-.063v-.938h-1v1c0 .342.203.627.438.781.234.155.518.219.813.219h.75v1h1v-1h.75c.686 0 1.25-.564 1.25-1.25v-.5c0-.678-.437-1.242-1.094-1.406l-2.563-.656c-.143-.036-.344-.296-.344-.438v-.5c0-.134.116-.25.25-.25h2.5c.116 0 .212.037.25.063v.938h1v-1c0-.342-.203-.627-.438-.781-.234-.155-.518-.219-.813-.219h-.75v-1h-1z" transform="translate(1)"></path>
</symbol>
<symbol id="double-quote-sans-left" viewBox="0 0 8 8">
  <path d="M0 0v6l3-3v-3h-3zm5 0v6l3-3v-3h-3z" transform="translate(0 1)"></path>
</symbol>
<symbol id="double-quote-sans-right" viewBox="0 0 8 8">
  <path d="M3 0l-3 3v3h3v-6zm5 0l-3 3v3h3v-6z" transform="translate(0 1)"></path>
</symbol>
<symbol id="double-quote-serif-left" viewBox="0 0 8 8">
  <path d="M3 0c-1.651 0-3 1.349-3 3v3h3v-3h-2c0-1.109.891-2 2-2v-1zm5 0c-1.651 0-3 1.349-3 3v3h3v-3h-2c0-1.109.891-2 2-2v-1z" transform="translate(0 1)"></path>
</symbol>
<symbol id="double-quote-serif-right" viewBox="0 0 8 8">
  <path d="M0 0v3h2c0 1.109-.891 2-2 2v1c1.651 0 3-1.349 3-3v-3h-3zm5 0v3h2c0 1.109-.891 2-2 2v1c1.651 0 3-1.349 3-3v-3h-3z" transform="translate(0 1)"></path>
</symbol>
<symbol id="droplet" viewBox="0 0 8 8">
  <path d="M3 0l-.344.344c-.11.11-2.656 2.685-2.656 4.875 0 1.65 1.35 3 3 3s3-1.35 3-3c0-2.19-2.546-4.765-2.656-4.875l-.344-.344zm-1.5 4.719c.28 0 .5.22.5.5 0 .55.45 1 1 1 .28 0 .5.22.5.5s-.22.5-.5.5c-1.1 0-2-.9-2-2 0-.28.22-.5.5-.5z" transform="translate(1)"></path>
</symbol>
<symbol id="eject" viewBox="0 0 8 8">
  <path d="M4 0l-4 5h8l-4-5zm-4 6v2h8v-2h-8z"></path>
</symbol>
<symbol id="elevator" viewBox="0 0 8 8">
  <path d="M3 0l-3 3h6l-3-3zm-3 5l3 3 3-3h-6z" transform="translate(1)"></path>
</symbol>
<symbol id="ellipses" viewBox="0 0 8 8">
  <path d="M0 0v2h2v-2h-2zm3 0v2h2v-2h-2zm3 0v2h2v-2h-2z" transform="translate(0 3)"></path>
</symbol>
<symbol id="envelope-closed" viewBox="0 0 8 8">
  <path d="M0 0v1l4 2 4-2v-1h-8zm0 2v4h8v-4l-4 2-4-2z" transform="translate(0 1)"></path>
</symbol>
<symbol id="envelope-open" viewBox="0 0 8 8">
  <path d="M4 0l-4 2v6h8v-6l-4-2zm0 1.125l3 1.5v1.875l-3 1.5-3-1.5v-1.875l3-1.5zm-2 1.875v1l2 1 2-1v-1h-4z"></path>
</symbol>
<symbol id="euro" viewBox="0 0 8 8">
  <path d="M6 0c-1.858 0-3.398 1.278-3.844 3h-1.906l-.25 1h2c0 .345.073.68.156 1h-1.969l-.188 1h2.563c.696 1.185 1.969 2 3.438 2 .734 0 1.407-.215 2-.563v-1.219c-.531.479-1.225.781-2 .781-.888 0-1.671-.392-2.219-1h2.219l.156-1h-2.969c-.113-.317-.188-.643-.188-1h3.344l.156-1h-3.313c.414-1.16 1.507-2 2.813-2 .655 0 1.258.209 1.75.563l.156-1.063c-.57-.313-1.213-.5-1.906-.5z" transform="translate(-1)"></path>
</symbol>
<symbol id="excerpt" viewBox="0 0 8 8">
  <path d="M0 0v1h7v-1h-7zm0 2v1h5v-1h-5zm0 2v1h8v-1h-8zm0 2v1h1v-1h-1zm2 0v1h1v-1h-1zm2 0v1h1v-1h-1z"></path>
</symbol>
<symbol id="expand-down" viewBox="0 0 8 8">
  <path d="M0 0v1h8v-1h-8zm2 2l2 2 2-2h-4zm-2 4v2h8v-2h-8z"></path>
</symbol>
<symbol id="expand-left" viewBox="0 0 8 8">
  <path d="M0 0v8h1v-8h-1zm6 0v8h2v-8h-2zm-4 2v4l2-2-2-2z"></path>
</symbol>
<symbol id="expand-right" viewBox="0 0 8 8">
  <path d="M0 0v8h2v-8h-2zm7 0v8h1v-8h-1zm-1 2l-2 2 2 2v-4z"></path>
</symbol>
<symbol id="expand-up" viewBox="0 0 8 8">
  <path d="M0 0v2h8v-2h-8zm4 4l-2 2h4l-2-2zm-4 3v1h8v-1h-8z"></path>
</symbol>
<symbol id="external-link" viewBox="0 0 8 8">
  <path d="M0 0v8h8v-2h-1v1h-6v-6h1v-1h-2zm4 0l1.5 1.5-2.5 2.5 1 1 2.5-2.5 1.5 1.5v-4h-4z"></path>
</symbol>
<symbol id="eye" viewBox="0 0 8 8">
  <path d="M4.031 0c-2.53 0-4.031 3-4.031 3s1.501 3 4.031 3c2.47 0 3.969-3 3.969-3s-1.499-3-3.969-3zm-.031 1c1.1 0 2 .9 2 2s-.9 2-2 2-2-.9-2-2 .9-2 2-2zm0 1c-.55 0-1 .45-1 1s.45 1 1 1 1-.45 1-1c0-.1-.032-.191-.063-.281-.08.16-.237.281-.438.281-.28 0-.5-.22-.5-.5 0-.2.121-.357.281-.438-.09-.03-.181-.063-.281-.063z" transform="translate(0 1)"></path>
</symbol>
<symbol id="eyedropper" viewBox="0 0 8 8">
  <path d="M3.313 0a.5.5 0 0 0-.188.844l.625.625-3.594 3.656-.156.156v2.7190000000000003h2.719l.125-.156 3.656-3.656.625.656a.5.5 0 1 0 .719-.688l-.938-.938.656-.656c.59-.58.59-1.545 0-2.125-.56-.57-1.555-.57-2.125 0l-.656.656-.938-.938a.5.5 0 0 0-.469-.156.5.5 0 0 0-.063 0zm1.156 2.188l1.313 1.313-3.156 3.156-1.281-1.313 3.125-3.156z"></path>
</symbol>
<symbol id="file" viewBox="0 0 8 8">
  <path d="M0 0v8h7v-4h-4v-4h-3zm4 0v3h3l-3-3z"></path>
</symbol>
<symbol id="fire" viewBox="0 0 8 8">
  <path d="M2 0c1 2-2 3-2 5s2 3 2 3c-.98-1.98 2-3 2-5s-2-3-2-3zm3 3c1 2-2 3-2 5h3c.4 0 1-.5 1-2 0-2-2-3-2-3z"></path>
</symbol>
<symbol id="flag" viewBox="0 0 8 8">
  <path d="M0 0v8h1v-8h-1zm2 0v4h2v1h4l-2-1.969 2-2.031h-3v-1h-3z"></path>
</symbol>
<symbol id="flash" viewBox="0 0 8 8">
  <path d="M1.5 0l-1.5 3h2l-.656 2h-1.344l1 3 3-3h-1.5l1.5-3h-2l1-2h-1.5z" transform="translate(2)"></path>
</symbol>
<symbol id="folder" viewBox="0 0 8 8">
  <path d="M0 0v2h8v-1h-5v-1h-3zm0 3v4.5c0 .28.22.5.5.5h7c.28 0 .5-.22.5-.5v-4.5h-8z"></path>
</symbol>
<symbol id="fork" viewBox="0 0 8 8">
  <path d="M1.5 0c-.828 0-1.5.672-1.5 1.5 0 .656.414 1.202 1 1.406v2.188c-.586.204-1 .75-1 1.406 0 .828.672 1.5 1.5 1.5s1.5-.672 1.5-1.5c0-.595-.341-1.101-.844-1.344.09-.09.205-.156.344-.156h2c.823 0 1.5-.677 1.5-1.5v-.594c.586-.204 1-.75 1-1.406 0-.828-.672-1.5-1.5-1.5s-1.5.672-1.5 1.5c0 .656.414 1.202 1 1.406v.594c0 .277-.223.5-.5.5h-2c-.171 0-.346.04-.5.094v-1.188c.586-.204 1-.75 1-1.406 0-.828-.672-1.5-1.5-1.5z"></path>
</symbol>
<symbol id="fullscreen-enter" viewBox="0 0 8 8">
  <path d="M0 0v4l1.5-1.5 1.5 1.5 1-1-1.5-1.5 1.5-1.5h-4zm5 4l-1 1 1.5 1.5-1.5 1.5h4v-4l-1.5 1.5-1.5-1.5z"></path>
</symbol>
<symbol id="fullscreen-exit" viewBox="0 0 8 8">
  <path d="M1 0l-1 1 1.5 1.5-1.5 1.5h4v-4l-1.5 1.5-1.5-1.5zm3 4v4l1.5-1.5 1.5 1.5 1-1-1.5-1.5 1.5-1.5h-4z"></path>
</symbol>
<symbol id="globe" viewBox="0 0 8 8">
  <path d="M4 0c-2.21 0-4 1.79-4 4s1.79 4 4 4 4-1.79 4-4-1.79-4-4-4zm0 1c.333 0 .637.086.938.188-.214.197-.45.383-.406.563.04.18.688.13.688.5 0 .27-.425.346-.125.656.35.35-.636.978-.656 1.438-.03.83.841.969 1.531.969.424 0 .503.195.469.438-.546.758-1.438 1.25-2.438 1.25-.378 0-.729-.09-1.063-.219.224-.442-.313-1.344-.781-1.625-.226-.226-.689-.114-.969-.219-.092-.271-.178-.545-.188-.844.031-.05.081-.094.156-.094.19 0 .454.374.594.344.18-.04-.742-1.313-.313-1.563.2-.12.609.394.469-.156-.12-.51.366-.276.656-.406.26-.11.455-.414.125-.594-.057-.031-.133-.104-.219-.188.45-.27.972-.438 1.531-.438zm2.313 1.094c.184.222.323.481.438.75-.043.065-.083.114-.188.219-.29.27-.327-.212-.438-.313-.13-.11-.638.025-.688-.125-.077-.181.499-.418.875-.531z"></path>
</symbol>
<symbol id="graph" viewBox="0 0 8 8">
  <path d="M7.031 0l-3.031 3-1-1-3 3.031 1 1 2-2.031 1 1 4-4-.969-1zm-7.031 7v1h8v-1h-8z"></path>
</symbol>
<symbol id="grid-four-up" viewBox="0 0 8 8">
  <path d="M0 0v1h1v-1h-1zm2 0v1h1v-1h-1zm2 0v1h1v-1h-1zm2 0v1h1v-1h-1zm-6 2v1h1v-1h-1zm2 0v1h1v-1h-1zm2 0v1h1v-1h-1zm2 0v1h1v-1h-1zm-6 2v1h1v-1h-1zm2 0v1h1v-1h-1zm2 0v1h1v-1h-1zm2 0v1h1v-1h-1zm-6 2v1h1v-1h-1zm2 0v1h1v-1h-1zm2 0v1h1v-1h-1zm2 0v1h1v-1h-1z"></path>
</symbol>
<symbol id="grid-three-up" viewBox="0 0 8 8">
  <path d="M0 0v2h2v-2h-2zm3 0v2h2v-2h-2zm3 0v2h2v-2h-2zm-6 3v2h2v-2h-2zm3 0v2h2v-2h-2zm3 0v2h2v-2h-2zm-6 3v2h2v-2h-2zm3 0v2h2v-2h-2zm3 0v2h2v-2h-2z"></path>
</symbol>
<symbol id="grid-two-up" viewBox="0 0 8 8">
  <path d="M0 0v3h3v-3h-3zm5 0v3h3v-3h-3zm-5 5v3h3v-3h-3zm5 0v3h3v-3h-3z"></path>
</symbol>
<symbol id="hard-drive" viewBox="0 0 8 8">
  <path d="M.188 0c-.11 0-.188.077-.188.188v3.313c0 .28.22.5.5.5h6c.28 0 .5-.22.5-.5v-3.313c0-.11-.077-.188-.188-.188h-6.625zm-.188 4.906v2.906c0 .11.077.188.188.188h6.625c.11 0 .188-.077.188-.188v-2.906c-.16.05-.32.094-.5.094h-6c-.18 0-.34-.044-.5-.094zm5.5 1.094c.28 0 .5.22.5.5s-.22.5-.5.5-.5-.22-.5-.5.22-.5.5-.5z"></path>
</symbol>
<symbol id="header" viewBox="0 0 8 8">
  <path d="M0 0v1h.5c.28 0 .5.22.5.5v4c0 .28-.22.5-.5.5h-.5v1h3v-1h-.5c-.28 0-.5-.22-.5-.5v-1.5h3v1.5c0 .28-.22.5-.5.5h-.5v1h3v-1h-.5c-.28 0-.5-.22-.5-.5v-4c0-.28.22-.5.5-.5h.5v-1h-3v1h.5c.28 0 .5.22.5.5v1.5h-3v-1.5c0-.28.22-.5.5-.5h.5v-1h-3z"></path>
</symbol>
<symbol id="headphones" viewBox="0 0 8 8">
  <path d="M4 0c-1.651 0-3 1.349-3 3v1h-.5a.5.5 0 0 0-.5.5v2a.5.5 0 0 0 .5.5h1a.5.5 0 0 0 .5-.5v-3.5c0-1.109.891-2 2-2s2 .891 2 2v3.5a.5.5 0 0 0 .5.5h1a.5.5 0 0 0 .5-.5v-2a.5.5 0 0 0-.5-.5h-.5v-1c0-1.651-1.349-3-3-3z"></path>
</symbol>
<symbol id="heart" viewBox="0 0 8 8">
  <path d="M2 0c-.55 0-1.046.224-1.406.594-.37.36-.594.856-.594 1.406 0 .55.224 1.046.594 1.406l3.406 3.438 3.406-3.438c.37-.37.594-.856.594-1.406 0-.55-.224-1.046-.594-1.406-.36-.37-.856-.594-1.406-.594-.55 0-1.046.224-1.406.594-.37.36-.594.856-.594 1.406 0-.55-.224-1.046-.594-1.406-.36-.37-.856-.594-1.406-.594z" transform="translate(0 1)"></path>
</symbol>
<symbol id="home" viewBox="0 0 8 8">
  <path d="M4 0l-4 3h1v4h2v-2h2v2h2v-4.031l1 .031-4-3z"></path>
</symbol>
<symbol id="image" viewBox="0 0 8 8">
  <path d="M0 0v8h8v-8h-8zm1 1h6v3l-1-1-1 1 2 2v1h-1l-4-4-1 1v-3z"></path>
</symbol>
<symbol id="inbox" viewBox="0 0 8 8">
  <path d="M.188 0c-.11 0-.188.077-.188.188v7.625c0 .11.077.188.188.188h7.625c.11 0 .188-.077.188-.188v-7.625c0-.11-.077-.188-.188-.188h-7.625zm.813 2h6v3h-1l-1 1h-2l-1-1h-1v-3z"></path>
</symbol>
<symbol id="infinity" viewBox="0 0 8 8">
  <path d="M2 0c-1.31 0-2 1.01-2 2s.69 2 2 2c.79 0 1.42-.559 2-1.219.58.66 1.19 1.219 2 1.219 1.31 0 2-1.01 2-2s-.69-2-2-2c-.81 0-1.42.559-2 1.219-.57-.66-1.21-1.219-2-1.219zm0 1c.42 0 .884.47 1.344 1-.46.53-.924 1-1.344 1-.74 0-1-.54-1-1 0-.46.26-1 1-1zm4 0c.74 0 1 .54 1 1 0 .46-.26 1-1 1-.43 0-.894-.47-1.344-1 .45-.53.914-1 1.344-1z" transform="translate(0 2)"></path>
</symbol>
<symbol id="info" viewBox="0 0 8 8">
  <path d="M3 0c-.552 0-1 .448-1 1s.448 1 1 1 1-.448 1-1-.448-1-1-1zm-1.5 2.5c-.83 0-1.5.67-1.5 1.5h1c0-.28.22-.5.5-.5s.5.22.5.5-1 1.64-1 2.5c0 .86.67 1.5 1.5 1.5s1.5-.67 1.5-1.5h-1c0 .28-.22.5-.5.5s-.5-.22-.5-.5c0-.36 1-1.84 1-2.5 0-.81-.67-1.5-1.5-1.5z" transform="translate(2)"></path>
</symbol>
<symbol id="italic" viewBox="0 0 8 8">
  <path d="M2 0v1h1.625l-.063.125-2 5-.344.875h-1.219v1h5v-1h-1.625l.063-.125 2-5 .344-.875h1.219v-1h-5z"></path>
</symbol>
<symbol id="justify-center" viewBox="0 0 8 8">
  <path d="M0 0v1h8v-1h-8zm0 2v1h8v-1h-8zm0 2v1h8v-1h-8zm1 2v1h6v-1h-6z"></path>
</symbol>
<symbol id="justify-left" viewBox="0 0 8 8">
  <path d="M0 0v1h8v-1h-8zm0 2v1h8v-1h-8zm0 2v1h8v-1h-8zm0 2v1h6v-1h-6z"></path>
</symbol>
<symbol id="justify-right" viewBox="0 0 8 8">
  <path d="M0 0v1h8v-1h-8zm0 2v1h8v-1h-8zm0 2v1h8v-1h-8zm2 2v1h6v-1h-6z"></path>
</symbol>
<symbol id="key" viewBox="0 0 8 8">
  <path d="M5.5 0c-1.38 0-2.5 1.12-2.5 2.5 0 .16.033.297.063.438l-3.063 3.063v2h3v-2h2v-1l.063-.063c.14.03.277.063.438.063 1.38 0 2.5-1.12 2.5-2.5s-1.12-2.5-2.5-2.5zm.5 1c.55 0 1 .45 1 1s-.45 1-1 1-1-.45-1-1 .45-1 1-1z"></path>
</symbol>
<symbol id="laptop" viewBox="0 0 8 8">
  <path d="M1.344 0a.5.5 0 0 0-.344.5v3.5h-1v1.5c0 .28.22.5.5.5h6.999999999999999c.28 0 .5-.22.5-.5v-1.5h-1v-3.5a.5.5 0 0 0-.5-.5h-5a.5.5 0 0 0-.094 0 .5.5 0 0 0-.063 0zm.656 1h4v3h-1v1h-2v-1h-1v-3z" transform="translate(0 1)"></path>
</symbol>
<symbol id="layers" viewBox="0 0 8 8">
  <path d="M0 0v4h4v-4h-4zm5 2v3h-3v1h4v-4h-1zm2 2v3h-3v1h4v-4h-1z"></path>
</symbol>
<symbol id="lightbulb" viewBox="0 0 8 8">
  <path d="M3.406 0a.5.5 0 0 0-.125.063l-3 1.5a.5.5 0 1 0 .438.875l3-1.5a.5.5 0 0 0-.313-.938zm1 1.5a.5.5 0 0 0-.125.063l-4 2a.5.5 0 1 0 .438.875l4-2a.5.5 0 0 0-.313-.938zm0 2a.5.5 0 0 0-.125.063l-3 1.5a.5.5 0 0 0 .219.938h2a.502.502 0 0 0 .156-1l1.063-.563a.5.5 0 0 0-.313-.938zm-2.563 3.5a.502.502 0 0 0 .156 1h1a.5.5 0 1 0 0-1h-1a.5.5 0 0 0-.094 0 .502.502 0 0 0-.063 0z" transform="translate(1)"></path>
</symbol>
<symbol id="link-broken" viewBox="0 0 8 8">
  <path d="M2 0v1h-1v1h2v-2h-1zm3.875.031c-.184.01-.354.03-.531.094-.27.095-.531.25-.75.469l-.438.438a.5.5 0 1 0 .688.688l.438-.438c.101-.101.245-.173.375-.219.352-.126.78-.064 1.063.219.395.389.4 1.037 0 1.438l-1.5 1.5a.5.5 0 1 0 .688.688l1.5-1.5c.78-.78.785-2.041 0-2.813-.279-.279-.606-.452-.969-.531-.181-.039-.379-.041-.563-.031zm-3.594 2.906a.5.5 0 0 0-.188.156l-1.5 1.5c-.78.78-.785 2.041 0 2.813.557.557 1.355.722 2.063.469.27-.095.531-.25.75-.469l.438-.438a.5.5 0 1 0-.688-.688l-.438.438c-.101.101-.245.173-.375.219-.352.126-.78.064-1.063-.219-.395-.389-.4-1.037 0-1.438l1.5-1.5a.5.5 0 0 0-.438-.844.5.5 0 0 0-.063 0zm2.719 3.063v2h1v-1h1v-1h-2z"></path>
</symbol>
<symbol id="link-intact" viewBox="0 0 8 8">
  <path d="M5.875.031c-.184.01-.354.03-.531.094-.27.095-.531.25-.75.469a.5.5 0 1 0 .688.688c.101-.101.245-.173.375-.219.352-.126.78-.064 1.063.219.395.389.4 1.037 0 1.438l-1.5 1.5c-.434.434-.799.483-1.063.469-.264-.015-.406-.125-.406-.125a.504.504 0 1 0-.5.875s.34.222.844.25c.504.028 1.197-.165 1.813-.781l1.5-1.5c.78-.78.785-2.041 0-2.813-.279-.279-.606-.452-.969-.531-.181-.039-.379-.041-.563-.031zm-2 2.313c-.501-.019-1.186.155-1.781.75l-1.5 1.5c-.78.78-.785 2.041 0 2.813.557.557 1.355.722 2.063.469.27-.095.531-.25.75-.469a.5.5 0 1 0-.688-.688c-.101.101-.245.173-.375.219-.352.126-.78.064-1.063-.219-.395-.389-.4-1.037 0-1.438l1.5-1.5c.405-.405.752-.448 1.031-.438.279.011.469.094.469.094a.5.5 0 1 0 .438-.875s-.343-.199-.844-.219z"></path>
</symbol>
<symbol id="list-rich" viewBox="0 0 8 8">
  <path d="M0 0v3h3v-3h-3zm4 0v1h4v-1h-4zm0 2v1h3v-1h-3zm-4 2v3h3v-3h-3zm4 0v1h4v-1h-4zm0 2v1h3v-1h-3z"></path>
</symbol>
<symbol id="list" viewBox="0 0 8 8">
  <path d="M.5 0c-.276 0-.5.224-.5.5s.224.5.5.5.5-.224.5-.5-.224-.5-.5-.5zm1.5 0v1h6v-1h-6zm-1.5 2c-.276 0-.5.224-.5.5s.224.5.5.5.5-.224.5-.5-.224-.5-.5-.5zm1.5 0v1h6v-1h-6zm-1.5 2c-.276 0-.5.224-.5.5s.224.5.5.5.5-.224.5-.5-.224-.5-.5-.5zm1.5 0v1h6v-1h-6zm-1.5 2c-.276 0-.5.224-.5.5s.224.5.5.5.5-.224.5-.5-.224-.5-.5-.5zm1.5 0v1h6v-1h-6z"></path>
</symbol>
<symbol id="location" viewBox="0 0 8 8">
  <path d="M8 0l-8 4 3 1 1 3 4-8z"></path>
</symbol>
<symbol id="lock-locked" viewBox="0 0 8 8">
  <path d="M3 0c-1.099 0-2 .901-2 2v1h-1v4h6v-4h-1v-1c0-1.099-.901-2-2-2zm0 1c.561 0 1 .439 1 1v1h-2v-1c0-.561.439-1 1-1z" transform="translate(1)"></path>
</symbol>
<symbol id="lock-unlocked" viewBox="0 0 8 8">
  <path d="M3 0c-1.099 0-2 .901-2 2h1c0-.561.439-1 1-1 .561 0 1 .439 1 1v2h-4v4h6v-4h-1v-2c0-1.099-.901-2-2-2z" transform="translate(1)"></path>
</symbol>
<symbol id="loop-circular" viewBox="0 0 8 8">
  <path d="M4 0c-1.651 0-3 1.349-3 3h-1l1.5 2 1.5-2h-1c0-1.109.891-2 2-2v-1zm2.5 1l-1.5 2h1c0 1.109-.891 2-2 2v1c1.651 0 3-1.349 3-3h1l-1.5-2z" transform="translate(0 1)"></path>
</symbol>
<symbol id="loop-square" viewBox="0 0 8 8">
  <path d="M1 0v2h1v-1h4v2h-1l1.5 2.5 1.5-2.5h-1v-3h-6zm.5 2.5l-1.5 2.5h1v3h6v-2h-1v1h-4v-2h1l-1.5-2.5z"></path>
</symbol>
<symbol id="loop" viewBox="0 0 8 8">
  <path d="M6 0v1h-5c-.554 0-1 .446-1 1v1h1v-1h5v1l2-1.5-2-1.5zm-4 4l-2 1.5 2 1.5v-1h5c.542 0 1-.458 1-1v-1h-1v1h-5v-1z"></path>
</symbol>
<symbol id="magnifying-glass" viewBox="0 0 8 8">
  <path d="M3.5 0c-1.927 0-3.5 1.573-3.5 3.5s1.573 3.5 3.5 3.5c.592 0 1.166-.145 1.656-.406a1 1 0 0 0 .125.125l1 1a1.016 1.016 0 1 0 1.438-1.438l-1-1a1 1 0 0 0-.156-.125c.266-.493.438-1.059.438-1.656 0-1.927-1.573-3.5-3.5-3.5zm0 1c1.387 0 2.5 1.113 2.5 2.5 0 .661-.241 1.273-.656 1.719-.01.011-.021.021-.031.031a1 1 0 0 0-.125.125c-.442.397-1.043.625-1.688.625-1.387 0-2.5-1.113-2.5-2.5s1.113-2.5 2.5-2.5z"></path>
</symbol>
<symbol id="map-marker" viewBox="0 0 8 8">
  <path d="M3 0c-1.66 0-3 1.34-3 3 0 2 3 5 3 5s3-3 3-5c0-1.66-1.34-3-3-3zm0 1c1.1 0 2 .9 2 2s-.9 2-2 2-2-.9-2-2 .9-2 2-2z" transform="translate(1)"></path>
</symbol>
<symbol id="map" viewBox="0 0 8 8">
  <path d="M0 0v8h8v-2.375a.5.5 0 0 0 0-.219v-5.406h-8zm1 1h6v4h-1.5a.5.5 0 0 0-.094 0 .502.502 0 1 0 .094 1h1.5v1h-6v-6zm2.5 1c-.83 0-1.5.67-1.5 1.5 0 1 1.5 2.5 1.5 2.5s1.5-1.5 1.5-2.5c0-.83-.67-1.5-1.5-1.5zm0 1c.28 0 .5.22.5.5s-.22.5-.5.5-.5-.22-.5-.5.22-.5.5-.5z"></path>
</symbol>
<symbol id="media-pause" viewBox="0 0 8 8">
  <path d="M0 0v6h2v-6h-2zm4 0v6h2v-6h-2z" transform="translate(1 1)"></path>
</symbol>
<symbol id="media-play" viewBox="0 0 8 8">
  <path d="M0 0v6l6-3-6-3z" transform="translate(1 1)"></path>
</symbol>
<symbol id="media-record" viewBox="0 0 8 8">
  <path d="M3 0c-1.657 0-3 1.343-3 3s1.343 3 3 3 3-1.343 3-3-1.343-3-3-3z" transform="translate(1 1)"></path>
</symbol>
<symbol id="media-skip-backward" viewBox="0 0 8 8">
  <path d="M4 0l-4 3 4 3v-6zm0 3l4 3v-6l-4 3z" transform="translate(0 1)"></path>
</symbol>
<symbol id="media-skip-forward" viewBox="0 0 8 8">
  <path d="M0 0v6l4-3-4-3zm4 3v3l4-3-4-3v3z" transform="translate(0 1)"></path>
</symbol>
<symbol id="media-step-backward" viewBox="0 0 8 8">
  <path d="M0 0v6h2v-6h-2zm2 3l5 3v-6l-5 3z" transform="translate(0 1)"></path>
</symbol>
<symbol id="media-step-forward" viewBox="0 0 8 8">
  <path d="M0 0v6l5-3-5-3zm5 3v3h2v-6h-2v3z" transform="translate(0 1)"></path>
</symbol>
<symbol id="media-stop" viewBox="0 0 8 8">
  <path d="M0 0v6h6v-6h-6z" transform="translate(1 1)"></path>
</symbol>
<symbol id="medical-cross" viewBox="0 0 8 8">
  <path d="M2 0v2h-2v4h2v2h4v-2h2v-4h-2v-2h-4z"></path>
</symbol>
<symbol id="menu" viewBox="0 0 8 8">
  <path d="M0 0v1h8v-1h-8zm0 2.969v1h8v-1h-8zm0 3v1h8v-1h-8z" transform="translate(0 1)"></path>
</symbol>
<symbol id="microphone" viewBox="0 0 8 8">
  <path d="M2.906-.031a1 1 0 0 0-.125.031 1 1 0 0 0-.781 1v2a1 1 0 1 0 2 0v-2a1 1 0 0 0-1.094-1.031zm-2.563 2.031a.5.5 0 0 0-.344.5v.5c0 1.476 1.091 2.693 2.5 2.938v1.063h-.5c-.55 0-1 .45-1 1h4c0-.55-.45-1-1-1h-.5v-1.063c1.409-.244 2.5-1.461 2.5-2.938v-.5a.5.5 0 1 0-1 0v.5c0 1.109-.891 2-2 2s-2-.891-2-2v-.5a.5.5 0 0 0-.594-.5.5.5 0 0 0-.063 0z" transform="translate(1)"></path>
</symbol>
<symbol id="minus" viewBox="0 0 8 8">
  <path d="M0 0v2h8v-2h-8z" transform="translate(0 3)"></path>
</symbol>
<symbol id="monitor" viewBox="0 0 8 8">
  <path d="M.344 0a.5.5 0 0 0-.344.5v5a.5.5 0 0 0 .5.5h2.5v1h-1c-.55 0-1 .45-1 1h6c0-.55-.45-1-1-1h-1v-1h2.5a.5.5 0 0 0 .5-.5v-5a.5.5 0 0 0-.5-.5h-7a.5.5 0 0 0-.094 0 .5.5 0 0 0-.063 0zm.656 1h6v4h-6v-4z"></path>
</symbol>
<symbol id="moon" viewBox="0 0 8 8">
  <path d="M2.719 0c-1.58.53-2.719 2.021-2.719 3.781 0 2.21 1.79 4 4 4 1.76 0 3.251-1.17 3.781-2.75-.4.14-.831.25-1.281.25-2.21 0-4-1.79-4-4 0-.44.079-.881.219-1.281z"></path>
</symbol>
<symbol id="move" viewBox="0 0 8 8">
  <path d="M3.5 0l-1.5 1.5h1v1.5h-1.5v-1l-1.5 1.5 1.5 1.5v-1h1.5v1.5h-1l1.5 1.5 1.5-1.5h-1v-1.5h1.5v1l1.5-1.5-1.5-1.5v1h-1.5v-1.5h1l-1.5-1.5z"></path>
</symbol>
<symbol id="musical-note" viewBox="0 0 8 8">
  <path d="M8 0c-5 0-6 1-6 1v4.093999999999999c-.154-.054-.327-.094-.5-.094-.828 0-1.5.672-1.5 1.5s.672 1.5 1.5 1.5 1.5-.672 1.5-1.5v-3.969c.732-.226 1.99-.438 4-.5v2.063c-.154-.054-.327-.094-.5-.094-.828 0-1.5.672-1.5 1.5s.672 1.5 1.5 1.5 1.5-.672 1.5-1.5v-5.5z"></path>
</symbol>
<symbol id="paperclip" viewBox="0 0 8 8">
  <path d="M5 0c-.514 0-1.021.201-1.406.594l-2.781 2.719c-1.07 1.07-1.07 2.805 0 3.875 1.07 1.07 2.805 1.07 3.875 0l1.25-1.25-.688-.688-.906.875-.344.375c-.69.69-1.81.69-2.5 0-.682-.682-.668-1.778 0-2.469l2.781-2.719v-.031c.389-.395 1.037-.4 1.438 0 .388.381.378 1.006 0 1.406l-2.5 2.469c-.095.095-.28.095-.375 0-.095-.095-.095-.28 0-.375l.375-.344.594-.625-.688-.688-.875.875-.094.094c-.485.485-.485 1.265 0 1.75.485.485 1.265.485 1.75 0l2.5-2.438c.78-.78.785-2.041 0-2.813-.39-.39-.893-.594-1.406-.594z"></path>
</symbol>
<symbol id="pencil" viewBox="0 0 8 8">
  <path d="M6 0l-1 1 2 2 1-1-2-2zm-2 2l-4 4v2h2l4-4-2-2z"></path>
</symbol>
<symbol id="people" viewBox="0 0 8 8">
  <path d="M5.5 0c-.51 0-.949.355-1.219.875.45.54.719 1.275.719 2.125 0 .29-.034.574-.094.844.18.11.374.156.594.156.83 0 1.5-.9 1.5-2s-.67-2-1.5-2zm-3 1c-.828 0-1.5.895-1.5 2s.672 2 1.5 2 1.5-.895 1.5-2-.672-2-1.5-2zm4.75 3.156c-.43.51-1.018.824-1.688.844.27.38.438.844.438 1.344v.656h2v-1.656c0-.52-.31-.968-.75-1.188zm-6.5 1c-.44.22-.75.668-.75 1.188v1.656h5v-1.656c0-.52-.31-.968-.75-1.188-.44.53-1.06.844-1.75.844s-1.31-.314-1.75-.844z"></path>
</symbol>
<symbol id="person" viewBox="0 0 8 8">
  <path d="M4 0c-1.105 0-2 1.119-2 2.5s.895 2.5 2 2.5 2-1.119 2-2.5-.895-2.5-2-2.5zm-2.094 5c-1.07.04-1.906.92-1.906 2v1h8v-1c0-1.08-.836-1.96-1.906-2-.54.61-1.284 1-2.094 1-.81 0-1.554-.39-2.094-1z"></path>
</symbol>
<symbol id="phone" viewBox="0 0 8 8">
  <path d="M.188 0c-.11 0-.188.077-.188.188v7.625c0 .11.077.188.188.188h4.625c.11 0 .188-.077.188-.188v-7.625c0-.11-.077-.188-.188-.188h-4.625zm.813 1h3v5h-3v-5zm1.5 5.5c.28 0 .5.22.5.5s-.22.5-.5.5-.5-.22-.5-.5.22-.5.5-.5z" transform="translate(1)"></path>
</symbol>
<symbol id="pie-chart" viewBox="0 0 8 8">
  <path d="M3.5 0c-.97 0-1.839.391-2.469 1.031l2.969 2.969v-3.969c-.16-.03-.33-.031-.5-.031zm1.5 1.063v3.406l-2.719 2.719c.6.5 1.369.813 2.219.813 1.93 0 3.5-1.57 3.5-3.5 0-1.76-1.31-3.197-3-3.438zm-4.094 1.313c-.55.54-.906 1.285-.906 2.125 0 .95.435 1.804 1.125 2.344l2.156-2.125-2.375-2.344z"></path>
</symbol>
<symbol id="pin" viewBox="0 0 8 8">
  <path d="M1.344 0a.502.502 0 0 0 .156 1h.5v2h-1c-.55 0-1 .45-1 1h3v3l.438 1 .563-1v-3h3c0-.55-.45-1-1-1h-1v-2h.5a.5.5 0 1 0 0-1h-4a.5.5 0 0 0-.094 0 .502.502 0 0 0-.063 0z"></path>
</symbol>
<symbol id="play-circle" viewBox="0 0 8 8">
  <path d="M4 0c-2.21 0-4 1.79-4 4s1.79 4 4 4 4-1.79 4-4-1.79-4-4-4zm-1 2l3 2-3 2v-4z"></path>
</symbol>
<symbol id="plus" viewBox="0 0 8 8">
  <path d="M3 0v3h-3v2h3v3h2v-3h3v-2h-3v-3h-2z"></path>
</symbol>
<symbol id="power-standby" viewBox="0 0 8 8">
  <path d="M3 0v4h1v-4h-1zm-1.281 1.438l-.375.313c-.803.64-1.344 1.634-1.344 2.75 0 1.929 1.571 3.5 3.5 3.5s3.5-1.571 3.5-3.5c0-1.116-.529-2.11-1.344-2.75l-.375-.313-.625.781.375.313c.585.46.969 1.165.969 1.969 0 1.391-1.109 2.5-2.5 2.5s-2.5-1.109-2.5-2.5c0-.804.361-1.509.938-1.969l.406-.313-.625-.781z"></path>
</symbol>
<symbol id="print" viewBox="0 0 8 8">
  <path d="M2 0v2h4v-2h-4zm-1.906 3c-.06 0-.094.034-.094.094v2.813c0 .06.034.094.094.094h.906v-2h6v2h.906c.06 0 .094-.034.094-.094v-2.813c0-.06-.034-.094-.094-.094h-7.813zm1.906 2v3h4v-3h-4z"></path>
</symbol>
<symbol id="project" viewBox="0 0 8 8">
  <path d="M0 0v7h1v-7h-1zm7 0v7h1v-7h-1zm-5 1v1h2v-1h-2zm1 2v1h2v-1h-2zm1 2v1h2v-1h-2z"></path>
</symbol>
<symbol id="pulse" viewBox="0 0 8 8">
  <path d="M3.25 0l-.469 1.531-.781 2.563-.031-.063-.094-.344h-1.875v1h1.1560000000000001l.375 1.156.469 1.469.469-1.469.781-2.5.781 2.5.406 1.313.531-1.281.594-1.469.125.281h2.3129999999999997v-1h-1.688l-.375-.719-.5-1-.406 1.031-.469 1.188-.844-2.656-.469-1.531z"></path>
</symbol>
<symbol id="puzzle-piece" viewBox="0 0 8 8">
  <path d="M3 0c-.28 0-.539.101-.719.281-.18.18-.281.439-.281.719 0 .28.181.479.281.719.03.06.063.161.063.281h-2.344v6h2.344c0-.12-.011-.221-.031-.281-.11-.24-.313-.439-.313-.719 0-.28.101-.539.281-.719.18-.18.439-.281.719-.281.28 0 .539.101.719.281.18.18.281.439.281.719 0 .28-.181.479-.281.719-.03.06-.063.161-.063.281h2.344v-2.344c.12 0 .221.011.281.031.24.11.439.313.719.313.28 0 .539-.101.719-.281.18-.18.281-.439.281-.719 0-.28-.101-.539-.281-.719-.18-.18-.439-.281-.719-.281-.28 0-.479.181-.719.281-.06.03-.161.063-.281.063v-2.344h-2.344c0-.12.011-.221.031-.281.11-.24.313-.439.313-.719 0-.28-.101-.539-.281-.719-.18-.18-.439-.281-.719-.281z"></path>
</symbol>
<symbol id="question-mark" viewBox="0 0 8 8">
  <path d="M2.469 0c-.854 0-1.48.256-1.875.656s-.54.901-.594 1.281l1 .125c.036-.26.125-.497.313-.688.188-.19.491-.375 1.156-.375.664 0 1.019.163 1.219.344.199.181.281.405.281.656 0 .833-.313 1.063-.813 1.5-.5.438-1.188 1.083-1.188 2.25v.25h1v-.25c0-.833.344-1.063.844-1.5.5-.438 1.156-1.083 1.156-2.25 0-.479-.168-1.02-.594-1.406-.426-.387-1.071-.594-1.906-.594zm-.5 7v1h1v-1h-1z" transform="translate(2)"></path>
</symbol>
<symbol id="rain" viewBox="0 0 8 8">
  <path d="M4.5 0c-1.21 0-2.27.86-2.5 2-1.1 0-2 .9-2 2 0 .52.201 1.015.531 1.375.26-.22.599-.375.969-.375.2 0 .393.055.563.125.17-.64.748-1.125 1.438-1.125s1.268.485 1.438 1.125c.17-.07.362-.125.563-.125.63 0 1.155.388 1.375.938.64-.17 1.125-.747 1.125-1.438 0-.65-.42-1.29-1-1.5v-.5c0-1.38-1.12-2.5-2.5-2.5zm-1.156 5a.5.5 0 0 0-.344.5v2a.5.5 0 1 0 1 0v-2a.5.5 0 0 0-.594-.5.5.5 0 0 0-.063 0zm-2 1a.5.5 0 0 0-.344.5v1a.5.5 0 1 0 1 0v-1a.5.5 0 0 0-.594-.5.5.5 0 0 0-.063 0zm4 0a.5.5 0 0 0-.344.5v1a.5.5 0 1 0 1 0v-1a.5.5 0 0 0-.594-.5.5.5 0 0 0-.063 0z"></path>
</symbol>
<symbol id="random" viewBox="0 0 8 8">
  <path d="M6 0v1h-.5c-.354 0-.6.116-.813.375l-1.406 1.75-1.5-1.75v-.031c-.212-.236-.427-.344-.781-.344h-1v1h1c-.037 0 .008-.011.031 0v.031l1.625 1.906-1.625 2.031c.016-.02.019.022 0 .031-.019.009-.068 0-.031 0h-1v1h1c.354 0 .6-.116.813-.375l1.531-1.906 1.625 1.906v.031c.212.236.427.344.781.344h.25v1l2-1.5-2-1.5v1h-.25c.037 0-.008.011-.031 0v-.031l-1.75-2.063 1.5-1.875v-.031c.019-.009.068 0 .031 0h.5v1l2-1.5-2-1.5z"></path>
</symbol>
<symbol id="reload" viewBox="0 0 8 8">
  <path d="M4 0c-2.201 0-4 1.799-4 4s1.799 4 4 4c1.104 0 2.092-.456 2.813-1.188l-.688-.688c-.54.548-1.289.875-2.125.875-1.659 0-3-1.341-3-3s1.341-3 3-3c.834 0 1.545.354 2.094.906l-1.094 1.094h3v-3l-1.188 1.188c-.731-.72-1.719-1.188-2.813-1.188z"></path>
</symbol>
<symbol id="resize-both" viewBox="0 0 8 8">
  <path d="M4 0l1.656 1.656-4 4-1.656-1.656v4h4l-1.656-1.656 4-4 1.656 1.656v-4h-4z"></path>
</symbol>
<symbol id="resize-height" viewBox="0 0 8 8">
  <path d="M2.5 0l-2.5 3h2v2h-2l2.5 3 2.5-3h-2v-2h2l-2.5-3z" transform="translate(1)"></path>
</symbol>
<symbol id="resize-width" viewBox="0 0 8 8">
  <path d="M3 0l-3 2.5 3 2.5v-2h2v2l3-2.5-3-2.5v2h-2v-2z" transform="translate(0 1)"></path>
</symbol>
<symbol id="rss-alt" viewBox="0 0 8 8">
  <path d="M0 0v2c3.331 0 6 2.669 6 6h2c0-4.409-3.591-8-8-8zm0 3v2c1.67 0 3 1.33 3 3h2c0-2.75-2.25-5-5-5zm0 3v2h2c0-1.11-.89-2-2-2z"></path>
</symbol>
<symbol id="rss" viewBox="0 0 8 8">
  <path d="M1 0v1c3.32 0 6 2.68 6 6h1c0-3.86-3.14-7-7-7zm0 2v1c2.221 0 4 1.779 4 4h1c0-2.759-2.241-5-5-5zm0 2v1c1.109 0 2 .891 2 2h1c0-1.651-1.349-3-3-3zm0 2c-.552 0-1 .448-1 1s.448 1 1 1 1-.448 1-1-.448-1-1-1z"></path>
</symbol>
<symbol id="script" viewBox="0 0 8 8">
  <path d="M3 0c-.55 0-1 .45-1 1v5.5c0 .28-.22.5-.5.5s-.5-.22-.5-.5v-1.5h-1v2c0 .55.45 1 1 1h5c.55 0 1-.45 1-1v-3h-4v-2.5c0-.28.22-.5.5-.5s.5.22.5.5v1.5h4v-2c0-.55-.45-1-1-1h-4z"></path>
</symbol>
<symbol id="share-boxed" viewBox="0 0 8 8">
  <path d="M.75 0c-.402 0-.75.348-.75.75v5.5c0 .402.348.75.75.75h4.5c.402 0 .75-.348.75-.75v-1.25h-1v1h-4v-5h2v-1h-2.25zm5.25 0v1c-2.05 0-3.704 1.544-3.938 3.531.213-.875.999-1.531 1.938-1.531h2v1l2-2-2-2z"></path>
</symbol>
<symbol id="share" viewBox="0 0 8 8">
  <path d="M5 0v2c-4 0-5 2.05-5 5 .52-1.98 2-3 4-3h1v2l3-3.156-3-2.844z"></path>
</symbol>
<symbol id="shield" viewBox="0 0 8 8">
  <path d="M4 0l-.188.094-3.5 1.469-.313.125v.313c0 1.657.666 3.122 1.469 4.188.401.533.828.969 1.25 1.281.422.313.826.531 1.281.531.455 0 .86-.219 1.281-.531.422-.313.849-.749 1.25-1.281.803-1.065 1.469-2.53 1.469-4.188v-.313l-.313-.125-3.5-1.469-.188-.094zm0 1.094v5.906c-.045 0-.328-.069-.656-.313s-.714-.631-1.063-1.094c-.642-.851-1.137-2.025-1.219-3.281l2.938-1.219z"></path>
</symbol>
<symbol id="signal" viewBox="0 0 8 8">
  <path d="M6 0v8h1v-8h-1zm-2 1v7h1v-7h-1zm-2 2v5h1v-5h-1zm-2 2v3h1v-3h-1z"></path>
</symbol>
<symbol id="signpost" viewBox="0 0 8 8">
  <path d="M3 0v1h-2l-1 1 1 1h2v5h1v-4h2l1-1-1-1h-2v-2h-1z"></path>
</symbol>
<symbol id="sort-ascending" viewBox="0 0 8 8">
  <path d="M2 0v6h-2l2.5 2 2.5-2h-2v-6h-1zm2 0v1h2v-1h-2zm0 2v1h3v-1h-3zm0 2v1h4v-1h-4z"></path>
</symbol>
<symbol id="sort-descending" viewBox="0 0 8 8">
  <path d="M2 0v6h-2l2.5 2 2.5-2h-2v-6h-1zm2 0v1h4v-1h-4zm0 2v1h3v-1h-3zm0 2v1h2v-1h-2z"></path>
</symbol>
<symbol id="spreadsheet" viewBox="0 0 8 8">
  <path d="M.75 0c-.402 0-.75.348-.75.75v5.5c0 .402.348.75.75.75h6.5c.402 0 .75-.348.75-.75v-5.5c0-.402-.348-.75-.75-.75h-6.5zm.25 1h1v1h-1v-1zm2 0h4v1h-4v-1zm-2 2h1v1h-1v-1zm2 0h4v1h-4v-1zm-2 2h1v1h-1v-1zm2 0h4v1h-4v-1z"></path>
</symbol>
<symbol id="star" viewBox="0 0 8 8">
  <path d="M4 0l-1 3h-3l2.5 2-1 3 2.5-2 2.5 2-1-3 2.5-2h-3l-1-3z"></path>
</symbol>
<symbol id="sun" viewBox="0 0 8 8">
  <path d="M4 0c-.276 0-.5.224-.5.5s.224.5.5.5.5-.224.5-.5-.224-.5-.5-.5zm-2.5 1c-.276 0-.5.224-.5.5s.224.5.5.5.5-.224.5-.5-.224-.5-.5-.5zm5 0c-.276 0-.5.224-.5.5s.224.5.5.5.5-.224.5-.5-.224-.5-.5-.5zm-2.5 1c-1.105 0-2 .895-2 2s.895 2 2 2 2-.895 2-2-.895-2-2-2zm-3.5 1.5c-.276 0-.5.224-.5.5s.224.5.5.5.5-.224.5-.5-.224-.5-.5-.5zm7 0c-.276 0-.5.224-.5.5s.224.5.5.5.5-.224.5-.5-.224-.5-.5-.5zm-6 2.5c-.276 0-.5.224-.5.5s.224.5.5.5.5-.224.5-.5-.224-.5-.5-.5zm5 0c-.276 0-.5.224-.5.5s.224.5.5.5.5-.224.5-.5-.224-.5-.5-.5zm-2.5 1c-.276 0-.5.224-.5.5s.224.5.5.5.5-.224.5-.5-.224-.5-.5-.5z"></path>
</symbol>
<symbol id="tablet" viewBox="0 0 8 8">
  <path d="M.344 0c-.18 0-.344.164-.344.344v7.313c0 .18.164.344.344.344h6.313c.18 0 .344-.164.344-.344v-7.313c0-.18-.164-.344-.344-.344h-6.313zm.656 1h5v5h-5v-5zm2.5 5.5c.28 0 .5.22.5.5s-.22.5-.5.5-.5-.22-.5-.5.22-.5.5-.5z"></path>
</symbol>
<symbol id="tag" viewBox="0 0 8 8">
  <path d="M0 0v3l5 5 3-3-5-5h-3zm2 1c.55 0 1 .45 1 1s-.45 1-1 1-1-.45-1-1 .45-1 1-1z"></path>
</symbol>
<symbol id="tags" viewBox="0 0 8 8">
  <path d="M0 0v2l3 3 1.5-1.5.5-.5-2-2-1-1h-2zm3.406 0l3 3-1.188 1.219.781.781 2-2-3-3h-1.594zm-1.906 1c.28 0 .5.22.5.5s-.22.5-.5.5-.5-.22-.5-.5.22-.5.5-.5z" transform="translate(0 1)"></path>
</symbol>
<symbol id="target" viewBox="0 0 8 8">
  <path d="M4 0c-2.203 0-4 1.797-4 4 0 2.203 1.797 4 4 4 2.203 0 4-1.797 4-4 0-2.203-1.797-4-4-4zm0 1c1.663 0 3 1.337 3 3s-1.337 3-3 3-3-1.337-3-3 1.337-3 3-3zm0 1c-1.099 0-2 .901-2 2s.901 2 2 2 2-.901 2-2-.901-2-2-2zm0 1c.558 0 1 .442 1 1s-.442 1-1 1-1-.442-1-1 .442-1 1-1z"></path>
</symbol>
<symbol id="task" viewBox="0 0 8 8">
  <path d="M0 0v7h7v-3.594l-1 1v1.594h-5v-5h3.594l1-1h-5.594zm7 0l-3 3-1-1-1 1 2 2 4-4-1-1z"></path>
</symbol>
<symbol id="terminal" viewBox="0 0 8 8">
  <path d="M.094 0c-.06 0-.094.034-.094.094v7.813c0 .06.034.094.094.094h7.813c.06 0 .094-.034.094-.094v-7.813c0-.06-.034-.094-.094-.094h-7.813zm1.406.781l1.719 1.719-1.719 1.719-.719-.719 1-1-1-1 .719-.719zm2.5 2.219h3v1h-3v-1z"></path>
</symbol>
<symbol id="text" viewBox="0 0 8 8">
  <path d="M0 0v2h.5c0-.55.45-1 1-1h1.5v5.5c0 .28-.22.5-.5.5h-.5v1h4v-1h-.5c-.28 0-.5-.22-.5-.5v-5.5h1.5c.55 0 1 .45 1 1h.5v-2h-8z"></path>
</symbol>
<symbol id="thumb-down" viewBox="0 0 8 8">
  <path d="M0 0v4h1v-4h-1zm2 0v4.001c.28 0 .529.101.719.281.18.19 1.151 2.115 1.281 2.375.13.26.386.393.656.313.26-.08.393-.355.313-.625-.08-.26-.469-1.594-.469-1.844s.22-.5.5-.5h1.5c.28 0 .5-.22.5-.5s-1.031-3.188-1.031-3.188c-.08-.18-.259-.313-.469-.313h-3.5z"></path>
</symbol>
<symbol id="thumb-up" viewBox="0 0 8 8">
  <path d="M4.438 0c-.19.021-.34.149-.438.344-.13.26-1.101 2.185-1.281 2.375-.19.18-.439.281-.719.281v4.001h3.5c.21 0 .389-.133.469-.313 0 0 1.031-2.908 1.031-3.188 0-.28-.22-.5-.5-.5h-1.5c-.28 0-.5-.25-.5-.5s.389-1.574.469-1.844c.08-.27-.053-.545-.313-.625-.067-.02-.155-.038-.219-.031zm-4.438 3v4h1v-4h-1z"></path>
</symbol>
<symbol id="timer" viewBox="0 0 8 8">
  <path d="M2 0v1h1v.031c-1.697.241-3 1.707-3 3.469 0 1.929 1.571 3.5 3.5 3.5s3.5-1.571 3.5-3.5c0-.45-.086-.874-.219-1.25l-.938.344c.107.304.156.596.156.906 0 1.391-1.109 2.5-2.5 2.5s-2.5-1.109-2.5-2.5 1.109-2.5 2.5-2.5c.298 0 .585.051.875.156l.344-.938c-.221-.081-.471-.119-.719-.156v-.063h1v-1h-3zm5 1.125s-3.675 2.8-3.875 3c-.2.2-.2.519 0 .719.2.2.519.2.719 0 .2-.19 3.156-3.719 3.156-3.719z"></path>
</symbol>
<symbol id="transfer" viewBox="0 0 8 8">
  <path d="M6 0v1h-6v1h6v1l2-1.5-2-1.5zm-4 4l-2 1.5 2 1.5v-1h6v-1h-6v-1z"></path>
</symbol>
<symbol id="trash" viewBox="0 0 8 8">
  <path d="M3 0c-.55 0-1 .45-1 1h-1c-.55 0-1 .45-1 1h7c0-.55-.45-1-1-1h-1c0-.55-.45-1-1-1h-1zm-2 3v4.813c0 .11.077.188.188.188h4.625c.11 0 .188-.077.188-.188v-4.813h-1v3.5c0 .28-.22.5-.5.5s-.5-.22-.5-.5v-3.5h-1v3.5c0 .28-.22.5-.5.5s-.5-.22-.5-.5v-3.5h-1z"></path>
</symbol>
<symbol id="underline" viewBox="0 0 8 8">
  <path d="M1 0v4c0 1.1 1.12 2 2.5 2h.5c1.1 0 2-.9 2-2v-4h-1v4c0 .55-.45 1-1 1s-1-.45-1-1v-4h-2zm-1 7v1h7v-1h-7z"></path>
</symbol>
<symbol id="vertical-align-bottom" viewBox="0 0 8 8">
  <path d="M.094 0c-.06 0-.094.034-.094.094v4.813c0 .06.034.094.094.094h1.813c.06 0 .094-.034.094-.094v-4.813c0-.06-.034-.094-.094-.094h-1.813zm6 0c-.06 0-.094.034-.094.094v4.813c0 .06.034.094.094.094h1.813c.06 0 .094-.034.094-.094v-4.813c0-.06-.034-.094-.094-.094h-1.813zm-3 2c-.06 0-.094.034-.094.094v2.813c0 .06.034.094.094.094h1.813c.06 0 .094-.034.094-.094v-2.813c0-.06-.034-.094-.094-.094h-1.813zm-3.094 4v1h8v-1h-8z"></path>
</symbol>
<symbol id="vertical-align-center" viewBox="0 0 8 8">
  <path d="M.094 0c-.06 0-.094.034-.094.094v1.906h2v-1.906c0-.06-.034-.094-.094-.094h-1.813zm6 0c-.06 0-.094.034-.094.094v1.906h2v-1.906c0-.06-.034-.094-.094-.094h-1.813zm-3 1c-.06 0-.094.034-.094.094v.906h2v-.906c0-.06-.034-.094-.094-.094h-1.813zm-3.094 2v1h8v-1h-8zm0 2v1.906c0 .06.034.094.094.094h1.813c.06 0 .094-.034.094-.094v-1.906h-2zm3 0v.906c0 .06.034.094.094.094h1.813c.06 0 .094-.034.094-.094v-.906h-2zm3 0v1.906c0 .06.034.094.094.094h1.813c.06 0 .094-.034.094-.094v-1.906h-2z"></path>
</symbol>
<symbol id="vertical-align-top" viewBox="0 0 8 8">
  <path d="M0 0v1h8v-1h-8zm.094 2c-.06 0-.094.034-.094.094v4.813c0 .06.034.094.094.094h1.813c.06 0 .094-.034.094-.094v-4.813c0-.06-.034-.094-.094-.094h-1.813zm3 0c-.06 0-.094.034-.094.094v2.813c0 .06.034.094.094.094h1.813c.06 0 .094-.034.094-.094v-2.813c0-.06-.034-.094-.094-.094h-1.813zm3 0c-.06 0-.094.034-.094.094v4.813c0 .06.034.094.094.094h1.813c.06 0 .094-.034.094-.094v-4.813c0-.06-.034-.094-.094-.094h-1.813z"></path>
</symbol>
<symbol id="video" viewBox="0 0 8 8">
  <path d="M.5 0c-.28 0-.5.22-.5.5v4c0 .28.22.5.5.5h5c.28 0 .5-.22.5-.5v-1.5l1 1h1v-3h-1l-1 1v-1.5c0-.28-.22-.5-.5-.5h-5z" transform="translate(0 1)"></path>
</symbol>
<symbol id="volume-high" viewBox="0 0 8 8">
  <path d="M3.344 0l-1.344 2h-2v4h2l1.344 2h.656v-8h-.656zm1.656 1v1c.152 0 .313.026.469.063h.031c.86.215 1.5.995 1.5 1.938 0 .942-.64 1.722-1.5 1.938-.166.041-.338.063-.5.063v1c.258 0 .516-.035.75-.094 1.3-.325 2.25-1.508 2.25-2.906 0-1.398-.95-2.581-2.25-2.906-.234-.059-.492-.094-.75-.094zm0 2v2c.04 0 .134-.002.25-.031.433-.118.75-.507.75-.969 0-.446-.325-.819-.75-.938v-.031c-.005-.001-.025.002-.031 0-.043-.011-.111-.031-.219-.031z"></path>
</symbol>
<symbol id="volume-low" viewBox="0 0 8 8">
  <path d="M3.344 0l-1.344 2h-2v4h2l1.344 2h.656v-8h-.656zm1.656 3v2c.04 0 .134-.002.25-.031.433-.118.75-.507.75-.969 0-.446-.325-.819-.75-.938v-.031c-.005-.001-.025.002-.031 0-.043-.011-.111-.031-.219-.031z" transform="translate(1)"></path>
</symbol>
<symbol id="volume-off" viewBox="0 0 8 8">
  <path d="M3.344 0l-1.344 2h-2v4h2l1.344 2h.656v-8h-.656z" transform="translate(2)"></path>
</symbol>
<symbol id="warning" viewBox="0 0 8 8">
  <path d="M3.094 0c-.06 0-.105.044-.125.094l-2.938 6.813c-.02.05-.031.128-.031.188v.813c0 .06.034.094.094.094h6.813c.06 0 .094-.034.094-.094v-.813c0-.06-.011-.128-.031-.188l-2.938-6.813c-.02-.05-.065-.094-.125-.094h-.813zm-.094 3h1v2h-1v-2zm0 3h1v1h-1v-1z"></path>
</symbol>
<symbol id="wifi" viewBox="0 0 8 8">
  <path d="M3.75 0c-1.374 0-2.66.372-3.75 1.063l.531.875c.93-.59 2.033-.938 3.219-.938 1.2 0 2.323.31 3.25.906l.531-.813c-1.093-.703-2.401-1.094-3.781-1.094zm.031 3c-.795 0-1.531.227-2.156.625l.531.844c.475-.302 1.02-.469 1.625-.469.593 0 1.13.177 1.594.469l.531-.844c-.616-.388-1.338-.625-2.125-.625zm-.031 3c-.552 0-1 .448-1 1s.448 1 1 1 1-.448 1-1-.448-1-1-1z"></path>
</symbol>
<symbol id="wrench" viewBox="0 0 8 8">
  <path d="M5.5 0c-1.38 0-2.5 1.12-2.5 2.5 0 .32.078.626.188.906l-2.906 2.875c-.39.39-.39 1.016 0 1.406.2.2.459.313.719.313.26 0 .519-.091.719-.281l2.875-2.875c.28.1.586.156.906.156 1.38 0 2.5-1.12 2.5-2.5 0-.16-.032-.297-.063-.438l-.938.938h-2v-2l.938-.938c-.14-.03-.277-.062-.438-.063zm-4.5 6.5c.28 0 .5.22.5.5s-.22.5-.5.5-.5-.22-.5-.5.22-.5.5-.5z"></path>
</symbol>
<symbol id="x" viewBox="0 0 8 8">
  <path d="M1.406 0l-1.406 1.406.688.719 1.781 1.781-1.781 1.781-.688.719 1.406 1.406.719-.688 1.781-1.781 1.781 1.781.719.688 1.406-1.406-.688-.719-1.781-1.781 1.781-1.781.688-.719-1.406-1.406-.719.688-1.781 1.781-1.781-1.781-.719-.688z"></path>
</symbol>
<symbol id="yen" viewBox="0 0 8 8">
  <path d="M0 0l2.25 3h-2.25v1h3v1h-3v1h3v2h1v-2h3v-1h-3v-1h3v-1h-2.25l2.25-3h-1l-2.313 3h-.375l-2.313-3h-1z"></path>
</symbol>
<symbol id="zoom-in" viewBox="0 0 8 8">
  <path d="M3.5 0c-1.927 0-3.5 1.573-3.5 3.5s1.573 3.5 3.5 3.5c.592 0 1.166-.145 1.656-.406a1 1 0 0 0 .094.094l1.031 1.031a1.016 1.016 0 1 0 1.438-1.438l-1.031-1.031a1 1 0 0 0-.125-.094c.266-.493.438-1.059.438-1.656 0-1.927-1.573-3.5-3.5-3.5zm0 1c1.387 0 2.5 1.113 2.5 2.5 0 .587-.196 1.137-.531 1.563-.009.012-.022.02-.031.031a1 1 0 0 0-.063.031 1 1 0 0 0-.281.281 1 1 0 0 0-.063.063c-.422.326-.953.531-1.531.531-1.387 0-2.5-1.113-2.5-2.5s1.113-2.5 2.5-2.5zm-.5 1v1h-1v1h1v1h1v-1h1v-1h-1v-1h-1z"></path>
</symbol>
<symbol id="zoom-out" viewBox="0 0 8 8">
  <path d="M3.5 0c-1.927 0-3.5 1.573-3.5 3.5s1.573 3.5 3.5 3.5c.592 0 1.166-.145 1.656-.406a1 1 0 0 0 .094.094l1.031 1.031a1.016 1.016 0 1 0 1.438-1.438l-1.031-1.031a1 1 0 0 0-.125-.094c.266-.493.438-1.059.438-1.656 0-1.927-1.573-3.5-3.5-3.5zm0 1c1.387 0 2.5 1.113 2.5 2.5 0 .587-.196 1.137-.531 1.563-.009.012-.022.02-.031.031a1 1 0 0 0-.063.031 1 1 0 0 0-.281.281 1 1 0 0 0-.063.063c-.422.326-.953.531-1.531.531-1.387 0-2.5-1.113-2.5-2.5s1.113-2.5 2.5-2.5zm-1.5 2v1h3v-1h-3z"></path>
</symbol>
</defs>
</svg>